{
  "total_executions": 1,
  "successful_executions": 1,
  "failed_executions": 0,
  "total_execution_time": 5.535145044326782,
  "avg_execution_time": 5.535145044326782,
  "cold_starts": 1,
  "warm_starts": 0,
  "by_language": {
    "python": {
      "count": 1,
      "success": 1,
      "errors": 0,
      "avg_time": 5.535145044326782,
      "total_time": 5.535145044326782
    }
  },
  "by_runtime": {
    "docker": {
      "count": 1,
      "success": 1,
      "errors": 0,
      "avg_time": 5.535145044326782,
      "total_time": 5.535145044326782
    }
  },
  "hourly_stats": {
    "2025-04-08 18:00": 1
  }
}