{
  "total_executions": 6,
  "successful_executions": 6,
  "failed_executions": 0,
  "total_execution_time": 5.555917263031006,
  "avg_execution_time": 0.9259862105051676,
  "cold_starts": 6,
  "warm_starts": 0,
  "by_language": {
    "python": {
      "count": 6,
      "success": 6,
      "errors": 0,
      "avg_time": 0.9259862105051676,
      "total_time": 5.555917263031006
    }
  },
  "by_runtime": {
    "docker": {
      "count": 3,
      "success": 3,
      "errors": 0,
      "avg_time": 1.50174085299174,
      "total_time": 4.50522255897522
    },
    "gvisor": {
      "count": 3,
      "success": 3,
      "errors": 0,
      "avg_time": 0.3502315680185954,
      "total_time": 1.0506947040557861
    }
  },
  "hourly_stats": {
    "2025-04-04 01:00": 6
  }
}