{
  "total_executions": 1,
  "successful_executions": 1,
  "failed_executions": 0,
  "total_execution_time": 3.7767982482910156,
  "avg_execution_time": 3.7767982482910156,
  "cold_starts": 1,
  "warm_starts": 0,
  "by_language": {
    "python": {
      "count": 1,
      "success": 1,
      "errors": 0,
      "avg_time": 3.7767982482910156,
      "total_time": 3.7767982482910156
    }
  },
  "by_runtime": {
    "standard": {
      "count": 1,
      "success": 1,
      "errors": 0,
      "avg_time": 3.7767982482910156,
      "total_time": 3.7767982482910156
    }
  },
  "hourly_stats": {
    "2025-04-04 17:00": 1
  }
}